title,description,publishedAt,sentiment,markets,intensity,impact,confidence,patterns,explanation,image
"Crude oil settles at $66.29","<p>Crude oil futures are settling at $66.29 that's down $-1.04 or -1.54%.</p><p>The high price today reached $67.74 raise was at $65.06 200 hour moving to comes in at $67.25 so the price traded above that level</p><p>OPEC+ announced an increase in crude production on Sunday, raising concerns about a potential global supply glut.</p><p>However, oil prices rebounded off session lows, supported by a weaker U.S. dollar and President Trump's warning that tariffs on India could be raised “substantially” in response to its continued purchases of Russian crude.</p> This article was written by Greg Michalowski at investinglive.com.","2025-08-04T18:51:24+00:00","Finance","General","medium","0","low","Analysis unavailable due to API error","Unable to analyze article: Crude oil settles at $66.29. Description: <p>Crude oil futures are settling at $66.29 that's down $-1.04 or -1.54%.</p><p>The high price today...",""
"Alaska Airlines to launch London, Iceland flights, debut new livery for international expansion",Alaska Airlines is adding to its international expansion with new flights to London and Iceland.,2025-08-05T12:35:22+00:00,Finance,"Airline, Travel & Tourism, S&P 500",medium,4,high,"Similar to when Delta and American Airlines expanded their international routes, leading to increased revenue and market share.","The announcement by Alaska Airlines to expand its international flights to London and Iceland is a bullish indicator for the company. This expansion signifies the airline's growth strategy and its efforts to capture a larger share in the international travel market. It is also a positive sign for the overall travel and tourism sector as it indicates an expectation of increased international travel, which has been severely impacted by the COVID-19 pandemic. The airline's new livery could also attract more customers due to its refreshed look. However, this expansion also comes with risks such as higher operational costs and potential geopolitical issues that can affect international travel. Overall, this move by Alaska Airlines is a positive step towards growth and increased market share, which could potentially lead to an increase in its stock price.",
"Alaska Airlines to launch London, Iceland flights, debut new livery for international expansion",Alaska Airlines is adding to its international expansion with new flights to London and Iceland.,2025-08-05T12:35:22+00:00,Finance,"Airline Industry, Travel and Tourism",medium,7,high,"Similar to when JetBlue expanded its international routes to Europe in 2019, this move by Alaska Airlines may boost their revenue and market share.","Alaska Airlines' decision to add new flights to London and Iceland is a bullish signal for the company and the airline industry. This move signifies the company's confidence in the recovery of international travel, which has been severely impacted by the COVID-19 pandemic. As vaccinations continue to roll out and travel restrictions ease, there is an expectation of a surge in travel demand. By expanding their international routes, Alaska Airlines is positioning itself to capture a portion of this pent-up demand. This expansion could lead to increased revenue and profitability for the company, which is a positive sign for investors. Moreover, the debut of a new livery could potentially enhance the company's brand image and attract more customers. Overall, this news could lead to a positive sentiment towards the airline industry, signaling a recovery from the pandemic's impact.",
"Alaska Airlines to launch London, Iceland flights, debut new livery for international expansion",Alaska Airlines is adding to its international expansion with new flights to London and Iceland.,2025-08-05T12:35:22+00:00,Finance,"Airline, Travel and Tourism",medium,5,high,Similar expansion moves by airlines such as Delta and United have historically led to increased revenue and market share.,"Alaska Airlines' decision to add new flights to London and Iceland is a bullish sign for the company and the airline industry as a whole. This expansion indicates the airline's confidence in the recovery of the travel and tourism sector, which has been severely impacted by the COVID-19 pandemic. The new routes to London and Iceland will likely attract a significant number of travelers, leading to increased revenue for Alaska Airlines. Furthermore, the debut of a new livery for international expansion signifies the company's commitment to enhancing its brand image and customer experience, which could potentially increase customer loyalty and market share. However, the success of this expansion will also depend on factors such as the global economic recovery, travel restrictions, and competition. Overall, this move by Alaska Airlines is a positive development that could potentially lead to significant financial growth for the company.",
"Caterpillar expects up to $1.5 billion in tariff costs this year, but the stock gains",Caterpillar shares bounced into the green after the company missed second-quarter profit expectations but beat on sales and raised its growth outlook.,2025-08-05T12:18:00+00:00,Finance,"S&P 500, Industrials, Manufacturing",medium,2,medium,Similar to previous instances where Caterpillar has faced increased costs due to tariffs but still managed to exceed sales expectations.,"Despite Caterpillar's announcement of expecting up to $1.5 billion in tariff costs this year, the company's stocks have shown a positive reaction. This is primarily attributed to the company's second-quarter sales beating expectations, and the raising of its growth outlook. The market has reacted positively to these factors, as they indicate the company's resilience and ability to perform amidst challenges. The increased sales and growth outlook are likely to offset the tariff costs, hence the positive impact on the stock. However, the ongoing tariff costs could pose a risk to future profitability if not managed effectively. While the impact is positive, it's rated medium due to the potential risks associated with the tariff costs. The primary markets affected are the S&P 500, Industrials, and Manufacturing sectors, as Caterpillar is a significant player in these areas.",
"Caterpillar expects up to $1.5 billion in tariff costs this year, but the stock gains",Caterpillar shares bounced into the green after the company missed second-quarter profit expectations but beat on sales and raised its growth outlook.,2025-08-05T12:18:00+00:00,Finance,"Industrial sector, S&P 500",medium,2,medium,"Similar to previous instances where companies have absorbed tariff costs, yet still managed to beat sales expectations.","Caterpillar's announcement of expected tariff costs of up to $1.5 billion this year initially seems like a negative development. However, the company's stock actually gained as a result of the news. This is likely because Caterpillar beat sales expectations and raised its growth outlook, suggesting that the company is performing well despite the additional tariff costs. The market is likely reacting positively to the company's ability to navigate the challenging trade environment. This situation is similar to previous instances where companies have been able to absorb tariff costs and still perform well, which is seen as a sign of resilience and effective management. However, the impact on the stock market is likely to be moderate as the news is specific to Caterpillar and does not indicate a broader trend in the industrial sector or the S&P 500 index.",
"Caterpillar expects up to $1.5 billion in tariff costs this year, but the stock gains",Caterpillar shares bounced into the green after the company missed second-quarter profit expectations but beat on sales and raised its growth outlook.,2025-08-05T12:18:00+00:00,Finance,"S&P 500, Industrial Sector, Construction",medium,4,medium,"Similar to when Harley-Davidson announced increased costs due to tariffs but still managed to beat sales expectations, leading to a stock price increase.","Caterpillar shares are experiencing a positive impact despite the company missing its second-quarter profit expectations. This is because it beat sales expectations and raised its growth outlook, which are strong indicators of future performance. The company's resilience in face of an expected $1.5 billion in tariff costs this year is a testament to its strong business model and market position. The news is particularly positive for the industrial sector and the construction market, where Caterpillar's products are heavily utilized. While the tariff costs are a concern, the company's ability to still deliver on sales and raise its growth outlook outweighs the potential negatives. This demonstrates the company's ability to navigate challenging market conditions, which can boost investor confidence and drive stock price increase. However, the tariff costs could have potential long-term effects, hence the medium confidence level.",
Jim Cramer's top 10 things to watch in the stock market Tuesday,Wall Street was heading for a modestly higher open.,2025-08-05T13:29:17+00:00,Finance,"Wall Street, S&P 500",medium,2,medium,"Historically, Jim Cramer's stock market predictions have often been followed by slight market fluctuations.","The news article suggests that Wall Street is heading for a modestly higher open. This is based on Jim Cramer's top 10 things to watch in the stock market on Tuesday. Cramer is a well-respected figure in the financial world, and his views often have an impact on investor sentiment. While the direction of the impact is positive, its magnitude is expected to be modest, hence the impact score of 2. The confidence level is medium because while Cramer's views are influential, they are not the only factor that investors consider when making decisions. The markets most likely to be affected are Wall Street and the S&P 500, as these are the markets that Cramer most frequently comments on. Historically, following Cramer's stock market predictions often results in slight market fluctuations, indicating a pattern that could repeat itself in this case.",
Jim Cramer's top 10 things to watch in the stock market Tuesday,Wall Street was heading for a modestly higher open.,2025-08-05T13:29:17+00:00,Finance,"S&P 500, Dow Jones, NASDAQ",medium,5,medium,"Historically, Jim Cramer's stock market predictions have had a significant influence on the market's movements, especially if they coincide with other market indicators.","Jim Cramer, a well-known financial analyst and television personality, often influences the stock market with his predictions and analysis. Given that Wall Street is heading for a modestly higher open, this could imply that investors are optimistic about the future of the market. However, the level of impact will depend on the specifics of Cramer's top 10 things to watch. If his observations align with the current market sentiment, it could lead to a bullish market. Yet, the confidence level remains medium due to the unpredictable nature of the stock market and the fact that Cramer's predictions, while influential, are not the only factor affecting market movements. Investors are advised to consider Cramer's insights as part of a larger, more comprehensive investment strategy.",
Jim Cramer's top 10 things to watch in the stock market Tuesday,Wall Street was heading for a modestly higher open.,2025-08-05T13:29:17+00:00,Finance,General Stock Market,medium,2,medium,"Historically, Wall Street has often seen modest gains following positive remarks or analysis from influential financial figures such as Jim Cramer.","The news article suggests that Wall Street is heading for a modestly higher open, which indicates a positive sentiment in the market. This prediction is based on Jim Cramer's top 10 things to watch in the stock market. Cramer is a respected figure in the financial world, and his analysis and opinions often influence market movements. The impact is rated as 2, indicating a mildly bullish sentiment. The confidence level is medium because while Cramer's analysis is generally reliable, the stock market is influenced by a wide variety of factors, many of which are unpredictable. Therefore, while we can anticipate a positive market response based on this news, the extent of the impact is not certain. This news affects the general stock market as Cramer's analysis usually covers a broad range of sectors.",
"Palantir stock pops 7% after blowout quarter driven by AI, efficiency demand","Palantir shares popped more than 7% after the software analytics provider lifted its full-year outlook, benefitting from ongoing AI tailwinds.",2025-08-05T13:29:08+00:00,Finance,"S&P 500, Tech, AI",medium,8,high,This is similar to the performance of other tech companies who have seen significant stock increases following positive quarterly reports and increased demand for AI and efficiency solutions.,"The news indicates a strong performance by Palantir, a software analytics provider, which has seen a 7% increase in its stock value following a successful quarter. The company has also raised its full-year outlook, which typically signals confidence in its future performance and can be a positive signal to investors. The company's success is being driven by ongoing demand for AI, a sector that is seeing significant growth and investment. This demand is likely to continue as more businesses look to leverage AI to increase efficiency and productivity. The news is likely to have a bullish impact on the market, particularly in the tech and AI sectors. Given the strong quarter performance and the positive outlook, the confidence level is high. The markets affected by this news are likely to be the S&P 500, where Palantir's stock is listed, as well as the broader tech and AI sectors.",
"Palantir stock pops 7% after blowout quarter driven by AI, efficiency demand","Palantir shares popped more than 7% after the software analytics provider lifted its full-year outlook, benefitting from ongoing AI tailwinds.",2025-08-05T13:29:08+00:00,Finance,"Software, AI, Tech",medium,8,high,"Similar to the stock pop of Microsoft in the late 90s driven by software demand, or more recently, Tesla's stock surge due to increased demand for electric vehicles and AI technology.","The news of Palantir's stock popping more than 7% following a strong quarter is a very bullish indicator. The company, a provider of software analytics, has lifted its full-year outlook, which is a positive sign of confidence in its future performance. This upward revision is largely being driven by ongoing demand for artificial intelligence (AI), a sector that is experiencing significant growth and investment. Palantir's ability to capitalize on these AI tailwinds suggests it is well-positioned to continue benefiting from this trend. Furthermore, the strong performance may attract more investors, creating a positive feedback loop that could push the stock even higher. Therefore, this news is likely to have a significant bullish impact on the tech and AI sectors, particularly software analytics providers like Palantir.",
"Palantir stock pops 7% after blowout quarter driven by AI, efficiency demand","Palantir shares popped more than 7% after the software analytics provider lifted its full-year outlook, benefitting from ongoing AI tailwinds.",2025-08-05T13:29:08+00:00,Finance,"Tech, AI, Software Analytics",medium,8,high,This is similar to the surge seen in other AI and tech companies like Tesla and Nvidia after reporting strong earnings and positive outlooks.,"Palantir's stock surge of more than 7% is a direct result of a strong quarterly report and an improved full-year outlook. This is a strong bullish signal, indicating that investors have confidence in the company's ability to continue its growth trajectory. The increase in demand for AI and efficiency solutions has been a significant driver of this growth. As businesses continue to seek ways to streamline processes and make data-driven decisions, companies like Palantir that provide these solutions are well-positioned to benefit. This trend is likely to continue as the adoption of AI and data analytics continues to grow across various sectors. The strong performance of Palantir also has potential implications for other companies in the tech and AI sectors, suggesting that these sectors may see continued growth.",
"Gen Z employees aren't in favor of fully remote work, Gallup report says: 'There's a craving for that in-person connection'","Gen Z workers may be tech-savvy, but they prefer in-person interaction in the workplace, according to a new Gallup report.",2025-08-05T13:18:51+00:00,Finance,"Remote Work, Tech, Real Estate",medium,-2,medium,"Historically, the preferences of the largest working demographic have had significant influence on workplace culture and structure.","The Gallup report indicating that Gen Z employees prefer in-person interaction over fully remote work could have a mild negative impact on markets related to remote work and tech, but a positive impact on real estate, particularly commercial real estate. While Gen Z is tech-savvy, their preference for in-person interaction could slow down or reverse the trend towards remote work, affecting companies that provide remote work solutions. However, it is important to consider that the pandemic has accelerated the shift to remote work, and this may outweigh Gen Z's preferences. On the other hand, if companies respond to these preferences by maintaining or increasing their physical office spaces, this could benefit the commercial real estate market. However, the impact is likely to be mild given that workplace trends are influenced by a range of factors beyond employee preferences, including cost considerations and productivity levels.",
"Gen Z employees aren't in favor of fully remote work, Gallup report says: 'There's a craving for that in-person connection'","Gen Z workers may be tech-savvy, but they prefer in-person interaction in the workplace, according to a new Gallup report.",2025-08-05T13:18:51+00:00,Finance,"Remote Work Solutions, Tech",medium,-2,medium,"Historically, changes in employee work preferences have influenced company policies and the adoption of technology.","This report suggests that Gen Z workers may not be as keen on fully remote work as initially thought, and instead have a preference for in-person interaction. This could potentially impact the markets related to remote work solutions and tech, as these sectors have seen significant growth due to the increased demand for remote work during the pandemic. However, the impact is likely to be moderate as this report only highlights the preferences of one demographic group and the pandemic has shown that remote work is a viable option for many companies and employees. Furthermore, it is important to note that while Gen Z workers prefer in-person interaction, this does not necessarily mean they are against a hybrid model of work which combines both in-person and remote work. Thus, companies providing remote work solutions should focus on promoting and improving their offerings for hybrid work models.",
"Gen Z employees aren't in favor of fully remote work, Gallup report says: 'There's a craving for that in-person connection'","Gen Z workers may be tech-savvy, but they prefer in-person interaction in the workplace, according to a new Gallup report.",2025-08-05T13:18:51+00:00,Finance,"Real Estate, Office Supplies, Technology",medium,0,high,Historical trends have shown a preference for in-person interaction over remote work among the younger generation.,"This news indicates a preference among Gen Z workers for in-person interaction in the workplace over remote work. While this might not immediately impact the financial markets, it could have long-term implications for sectors such as real estate and office supplies, which could see increased demand if companies respond by maintaining or increasing office spaces. However, the impact is likely to be neutral in the short term. On the technology front, this could potentially slow down the aggressive growth of remote working tools and platforms, but it's unlikely to cause a significant shift as remote work is still prevalent among other age groups. Moreover, businesses have already invested significantly in remote work infrastructure during the pandemic. Therefore, while this preference among Gen Z workers is noteworthy, its immediate financial impact is likely to be minimal but it could shape future workplace trends and related sectors.",
USDCAD technical analysis: USDCAD stuck in a standoff: Will Buyers or Sellers Prevail?,"<p>The USDCAD is caught between rock-solid support and formidable resistance, and the market is waiting for one side to crack.</p><p>On the downside, buyers continue to defend the 1.3762/1.3759–1.3749 zone—a powerful confluence of the 38.2% retracement, the rising 200-hour MA, and a well-defined swing high area. On the topside, sellers are standing firm at 1.3810, where the 100-day MA (Friday’s ceiling) aligns with the 100-hour MA, creating a brick wall of resistance.</p><p>This standoff is clear: stay below 1.3810 and the bias leans lower, with a break of the support cluster opening the door toward 1.3726 (50% retracement) and 1.36908 (61.8%).  </p><p>A push above 1.3810 would flip the script, forcing shorts to cover and targeting 1.3860 and 1.3890. For now, it’s a textbook battle of levels—and traders are watching for the first clean break to set the tone.</p><p>Key levels:</p><ul><li><p>Resistance: 1.3810, 1.3860, 1.3878 (hgh from Friday)</p></li><li><p>Support: 1.3762 / 1.3759–1.3749, 1.3726</p></li></ul><p>The United States has increased tariffs on Canadian goods not protected under USMCA to 35%, with penalties up to 40% on items routed through third countries to avoid duties. Key targeted sectors include steel, aluminum, autos and auto parts, lumber, and other industrial goods. Additional tariffs are planned on semiconductors and pharmaceuticals, potentially rising to 150–250% over the next year.</p><p>Canada has responded with 25% counter-tariffs on roughly C$30 billion worth of U.S. goods, hitting sectors such as steel, aluminum, and certain vehicles. While some tariffs were eased earlier this year, Canadian officials maintain that most remain in place. Negotiations have been ongoing but remain tense, with no breakthrough so far.</p><p>Most Canadian exports—up to 95%—are still protected under USMCA, shielding them from new U.S. duties. However, political pressure is mounting in both countries, and escalation risks remain high if either side moves forward with additional tariff measures. Canada continues to engage in talks but has signaled it could walk away if the U.S. pushes further increases.</p>
                            This article was written by Greg Michalowski at investinglive.com.",2025-08-05T13:06:56+00:00,Finance,"Forex, Steel, Aluminum, Auto, Lumber, Semiconductors, Pharmaceuticals",medium,-3,medium,"Similar to previous instances of trade tensions and tariff impositions, the situation could lead to fluctuations in the forex market and affected sectors.","The USDCAD is currently in a stalemate, with strong support and resistance levels preventing major price shifts. However, the ongoing trade tensions between the U.S. and Canada could potentially influence the forex market. The U.S. has raised tariffs on certain Canadian goods to 35%, with potential penalties of up to 40% on goods routed via third countries. This has led Canada to impose counter-tariffs of 25% on about C$30 billion worth of U.S. goods. Although most Canadian exports are protected under the USMCA, the political pressure and risk of escalation could affect the markets. If either side decides to impose additional tariffs, it could potentially lead to a shift in the forex market and other sectors such as steel, aluminum, auto, lumber, semiconductors, and pharmaceuticals. Traders and investors should closely monitor the situation and adjust their strategies accordingly.",
"Trump narrows Fed chair list: Bessent is out, while these two rise in rankings","President Donald Trump said Tuesday that he’s considering four people to be his nominee to head the Federal Reserve, but Treasury Secretary Scott Bessent isn’t one of them.",2025-08-05T13:05:00+00:00,Finance,"US Dollar, Bond Market",medium,0,medium,"Changes in Federal Reserve leadership often lead to shifts in monetary policy, potentially affecting the bond market and the value of the US dollar.","The news of President Trump considering four nominees for the Federal Reserve Chair position doesn't seem to have a direct bullish or bearish impact on the markets. However, it could potentially introduce some uncertainty, as the monetary policy direction of the Federal Reserve could change depending on who is selected. The exclusion of Treasury Secretary Scott Bessent from the list may be seen as a neutral event, as it does not provide any clear indication of the future monetary policy direction. The bond market and the value of the US dollar are the most likely to be affected by the decision, as the Federal Reserve's monetary policy can influence interest rates and inflation, which in turn can affect bond yields and the value of the dollar. However, until a decision is made and the policy direction of the new chair becomes clear, the impact is uncertain.",
"Trump narrows Fed chair list: Bessent is out, while these two rise in rankings","President Donald Trump said Tuesday that he’s considering four people to be his nominee to head the Federal Reserve, but Treasury Secretary Scott Bessent isn’t one of them.",2025-08-05T13:05:00+00:00,Finance,"US Stocks, Banking",medium,3,medium,"Historically, changes in the Federal Reserve leadership have led to shifts in monetary policy which has influenced market sentiment and trends.","The news of President Trump considering four people for the position of Federal Reserve Chair, excluding Treasury Secretary Scott Bessent, can have a moderate impact on the US stock market and banking sector. The Federal Reserve Chair plays a crucial role in setting the country's monetary policy, which can directly influence interest rates, inflation, and overall economic health. Therefore, the markets tend to react to any news related to changes in this position. However, without specific details on who the potential nominees are and their policy leanings, it's difficult to predict the exact direction of the impact. It is also important to note that the confirmation process can be lengthy and uncertain. Therefore, the confidence level is set at medium. Investors should monitor this situation closely for further developments.",
"Trump narrows Fed chair list: Bessent is out, while these two rise in rankings","President Donald Trump said Tuesday that he’s considering four people to be his nominee to head the Federal Reserve, but Treasury Secretary Scott Bessent isn’t one of them.",2025-08-05T13:05:00+00:00,Finance,"S&P 500, Banking Sector",medium,0,medium,"Similar to previous changes in Federal Reserve leadership, the market typically reacts based on the perceived economic policies of the potential nominees.","The news of President Trump considering four people for the position of the head of the Federal Reserve, with Treasury Secretary Scott Bessent not being one of them, has a neutral impact on the market. The Federal Reserve chair plays a significant role in setting monetary policy, and their views can influence market sentiment. However, without specific names or policy stances, it's difficult to gauge the potential impact on the market. Furthermore, it's important to note that the Federal Reserve operates independently of the government, so while the President nominates the chair, the individual's policies may not necessarily align with those of the President. Therefore, until more information is provided about the potential nominees and their policy stances, the impact on the market remains neutral.",
Palantir skeptics double down on a concern that investors have been better off ignoring,"Many analysts note that Palantir’s stock is expensive, but that hasn’t stopped the S&P 500’s top performer from adding to its huge gains.",2025-08-05T14:07:00+00:00,Finance,"S&P 500, Tech, Software",medium,-2,medium,"Similar to other tech companies with high valuations despite skepticism, such as Amazon in its early years.","Despite the skepticism surrounding Palantir's stock due to its high price, it continues to perform well, adding to its significant gains. This mirrors the pattern seen with other tech companies that had high valuations despite skepticism, such as Amazon in its early years. The fact that Palantir's stock is expensive is not necessarily a deterrent for investors, as they are more focused on the company's future growth potential. However, the skepticism does add a level of uncertainty, which could potentially impact the stock's performance in the future. The concern expressed by the skeptics could lead to increased volatility in the stock's price, especially if the company does not meet growth expectations. Therefore, while the impact is negative due to the skepticism, it is only mildly so as the company continues to perform well despite these concerns.",
Palantir skeptics double down on a concern that investors have been better off ignoring,"Many analysts note that Palantir’s stock is expensive, but that hasn’t stopped the S&P 500’s top performer from adding to its huge gains.",2025-08-05T14:07:00+00:00,Finance,"S&P 500, Tech",medium,-4,medium,"Similar to the skepticism around Tesla's high P/E ratio in early 2020, which didn't stop the stock from soaring.","The article indicates that despite the concern of many analysts about the high cost of Palantir’s stock, it continues to add to its significant gains, making it a top performer in the S&P 500. This might seem counterintuitive, as high stock prices can deter investors due to the potential risk of overvaluation. However, this has not been the case for Palantir, which has managed to defy the odds and continue its upward trajectory. This could be due to the company's strong financial performance or investor confidence in its future growth prospects. However, the fact that skeptics are doubling down on their concerns suggests that they believe the stock is overpriced and could experience a correction in the future. While the stock has performed well so far, the market's tendency to correct overvaluations could lead to a potential downturn for Palantir’s stock in the future.",
Palantir skeptics double down on a concern that investors have been better off ignoring,"Many analysts note that Palantir’s stock is expensive, but that hasn’t stopped the S&P 500’s top performer from adding to its huge gains.",2025-08-05T14:07:00+00:00,Finance,"Tech, S&P 500",medium,-2,medium,"There have been several instances where stocks with high valuations continue to outperform despite analysts' skepticism, such as Amazon and Tesla in the past.","The news indicates that despite concerns from analysts about Palantir's stock being overvalued, the company has continued to perform well in the market. This situation is not uncommon in the tech sector, where companies often have high valuations that do not necessarily correlate with their current earnings or profit margins. Investors seem to be focusing on the company's future growth potential rather than its current valuation. However, the fact that skeptics are doubling down on their concerns suggests that there could be a future correction if the company fails to meet these high growth expectations. While the stock has been performing well, the increased skepticism could introduce volatility. Investors should be cautious and monitor the situation closely.",
"I’m a neurologist—to keep my brain safe and healthy, I never eat these 4 foods","To keep his brain healthy and safe, Baibing Chen avoids a few foods. He is a neurologist and epileptologist practicing at the University of Michigan.",2025-08-05T14:00:01+00:00,Finance,"Healthcare, Food & Beverages",medium,0,high,No similar events found,"The article discusses the personal dietary habits of a neurologist, Baibing Chen, who avoids certain foods to maintain his brain health. There is no mention of any financial implications or any connection to public companies, markets, or sectors. Therefore, the financial impact of this news is considered to be neutral. The confidence level is high because the information is clear and straightforward. Although the healthcare and food & beverages sectors are indirectly related to the topic, there are no specific companies, products, or services mentioned that would be directly affected by this news. Therefore, it's unlikely that this news would have any significant influence on these sectors. The lack of similar historical events also reinforces the neutral financial impact of this news.",
"I’m a neurologist—to keep my brain safe and healthy, I never eat these 4 foods","To keep his brain healthy and safe, Baibing Chen avoids a few foods. He is a neurologist and epileptologist practicing at the University of Michigan.",2025-08-05T14:00:01+00:00,Finance,,medium,0,low,,"This news article does not appear to have any direct or significant impact on the financial markets. The article is focused on personal health advice from a neurologist named Baibing Chen, who practices at the University of Michigan. He discusses the foods he avoids to maintain his brain health. While this could potentially have a very indirect and minor effect on the food and health industries, it is not likely to be significant or measurable. The article does not mention any specific companies or market trends, nor does it provide any information that could be used to predict future market behavior. Therefore, the impact on the markets is assessed as zero with a low confidence level due to the lack of relevant financial information.",
"I’m a neurologist—to keep my brain safe and healthy, I never eat these 4 foods","To keep his brain healthy and safe, Baibing Chen avoids a few foods. He is a neurologist and epileptologist practicing at the University of Michigan.",2025-08-05T14:00:01+00:00,Finance,None,medium,0,high,None,"The article in question does not have any direct bearing on financial markets or sectors. It is focused on the personal dietary habits of a neurologist, Baibing Chen, who avoids certain foods for the health and safety of his brain. This information does not influence or affect any specific company, industry, sector, or market. Therefore, the impact on financial markets is zero, and there are no similar historical events or patterns that can be drawn from this because it is a personal lifestyle choice, not a market-influencing event. The confidence level of this analysis is high, as the article's content is clear and straightforward in its lack of connection to financial markets or economic indicators.",
S&P Global service PMI for July to 55.7 versus 55.2 preliminary,"<ul><li>Preliminary services index 55.2 composite index 54.6. Prior month services 52.9</li><li>Services PMI 55.7 versus 52.9 last month. Preliminary 55.2.</li><li>Composite index 55.1 versus 52.9 last month. Preliminary 54.6.</li></ul><p>The more followed ISM nonmanufacturing index will be released at 10 AM expectations of 51.5 versus 50.8 last month.</p><p>Highlights from the US service Sector PMI </p><ul><li><p>5 of 7 sectors saw rising business activity in July, up from 4 in June.</p></li><li><p>Technology: Fastest growth since June 2021; best-performing sector in 3 of last 5 months.</p></li><li><p>Financials: Second-strongest growth; fastest pace since December 2024.</p></li><li><p>Industrials: Strong expansion; 18 consecutive months of growth; sharpest rise since May 2022.</p></li><li><p>Consumer Goods: Marginal growth; weakest in current 4-month expansion streak.</p></li><li><p>Consumer Services: Marginal growth; slower than the H1 2025 average.</p></li><li><p>Healthcare: Activity fell slightly; steepest decline since May 2024.</p></li><li><p>Basic Materials: Output fell for 5th straight month; contraction pace accelerated from June</p></li></ul><p>Visit <a class=""article-link"" href=""https://www.investinglive.com/"" rel=""noopener noreferrer"" target=""_self"">investingLive.com</a> (formerly ForexLive.com) for additional views.</p>
                            This article was written by Greg Michalowski at investinglive.com.",2025-08-05T13:45:09+00:00,Finance,"S&P Global, Technology, Financials, Industrials, Consumer Goods, Consumer Services, Healthcare, Basic Materials",medium,4,medium,The pattern observed here is similar to the recovery periods of previous economic downturns where certain sectors outperform others.,"The S&P Global service PMI for July has seen an increase to 55.7 from the preliminary 55.2, indicating a bullish trend. This is an improvement from the prior month's services of 52.9. The composite index also increased to 55.1 from 52.9 last month, and a preliminary of 54.6. The ISM nonmanufacturing index, which is more followed, is expected to be 51.5 versus 50.8 last month. The US service sector PMI highlights show that 5 out of 7 sectors saw rising business activity in July, up from 4 in June. The technology sector has experienced the fastest growth since June 2021 and has been the best-performing sector in 3 of the last 5 months. Financials have seen the second-strongest growth, with the fastest pace since December 2024. Although there was a slight decline in Healthcare and a continued contraction in Basic Materials, the overall trend is positive, indicating a bullish market.",
"These 10 jobs are the least AI-safe, according to new Microsoft report: 5 are in customer service","Many of todays white-collar jobs require tasks that AI chatbots can carry out. Here are the 10 least AI-safe careers, according to new Microsoft data.",2025-08-05T13:32:06+00:00,Finance,"Job Market, Customer Service, AI Technology",medium,-4,high,Similar to the rise of automation in manufacturing leading to job losses,"The Microsoft report suggests that many white-collar jobs, particularly in customer service, are at risk due to the rise of AI technologies. This is likely to have a negative impact on the job market, potentially leading to job losses in certain sectors. However, it's also important to note that the rise of AI could lead to the creation of new jobs in the tech sector, particularly in AI development and maintenance. This could offset some of the job losses in other areas. Nevertheless, the overall impact is likely to be negative in the short to medium term as the economy adjusts to these changes. This could potentially lead to increased unemployment rates and economic instability. The impact on the customer service sector could be particularly significant, given that five of the ten jobs identified as being most at risk are in this sector. This suggests that companies in this sector may need to start planning for a future where AI plays a larger role.",
"These 10 jobs are the least AI-safe, according to new Microsoft report: 5 are in customer service","Many of todays white-collar jobs require tasks that AI chatbots can carry out. Here are the 10 least AI-safe careers, according to new Microsoft data.",2025-08-05T13:32:06+00:00,Finance,"Customer Service, Jobs Market, AI Technology",medium,-4,high,"Similar to the industrial revolution where machinery replaced manual labor, the rise of AI is expected to replace many white-collar jobs.","The new Microsoft report suggests that many white-collar jobs, particularly in customer service, are at risk due to the rise of AI technology. The jobs that are most at risk are those that involve tasks that can be easily automated, such as data entry and routine customer interactions. This could lead to a significant shift in the job market, with a reduction in the demand for certain roles and an increase in demand for roles in AI technology development and maintenance. This may cause short-term disruption as workers are displaced and need to retrain for new roles. However, in the long-term, this could lead to increased productivity and efficiency. The impact on the customer service sector could be significant, potentially leading to job losses and a need for retraining. The AI technology sector, on the other hand, could see a boost as demand for AI solutions increases.",
"These 10 jobs are the least AI-safe, according to new Microsoft report: 5 are in customer service","Many of todays white-collar jobs require tasks that AI chatbots can carry out. Here are the 10 least AI-safe careers, according to new Microsoft data.",2025-08-05T13:32:06+00:00,Finance,"Customer Service, White-collar Jobs",medium,-5,high,"Historical trends show increasing automation in various industries, leading to job displacement.","The report by Microsoft indicates that a significant number of white-collar jobs are at risk due to AI automation, particularly in the customer service sector. This suggests that AI technologies are becoming more advanced and capable of performing tasks traditionally done by humans. This could lead to job displacement and increased unemployment in the affected sectors. However, it could also potentially lead to cost savings for businesses as they would spend less on salaries and benefits. This might increase their profitability and positively impact their share price. However, the negative social implications of job losses could lead to regulatory scrutiny and potential backlash against companies heavily involved in AI technology. Therefore, this news is bearish for the customer service and white-collar job markets, but potentially bullish for businesses investing in AI technology.",
We're adding to an industrial-focused stock that should be doing much better after earnings,We don't think the price action in DuPont reflects what we saw in the release and heard on the post-earnings conference call.,2025-08-05T15:05:43+00:00,Finance,"Industrial Sector, S&P 500",medium,5,medium,This situation is reminiscent of when 3M's stock price did not immediately reflect its positive earnings report in Q3 2019 but later saw a significant increase.,"The article suggests that DuPont's recent earnings report was more positive than the current price action indicates. This implies that the stock is undervalued and could be due for a price correction. The company's performance in the post-earnings conference call also seems to have been reassuring, which further supports this prediction. However, the market has not yet reacted to this, possibly due to other factors influencing investor sentiment or a lag in the market's response to the news. If the earnings report and conference call are indeed indicative of the company's future performance, we can expect the stock price to rise once the market adjusts to this information. This situation presents a potential buying opportunity for investors who believe in the company's prospects. However, as with any investment, there are risks involved, and this prediction should be considered in the context of a broader investment strategy.",
We're adding to an industrial-focused stock that should be doing much better after earnings,We don't think the price action in DuPont reflects what we saw in the release and heard on the post-earnings conference call.,2025-08-05T15:05:43+00:00,Finance,"Industrial sector, S&P 500",medium,6,high,"This situation is reminiscent of the 3rd quarter of 2015 when Caterpillar Inc., another industrial-focused stock, saw its stock price underperform despite reporting strong earnings, which subsequently led to a significant rise in its stock price.","The news suggests that DuPont's recent earnings report was positive, and the company's performance was better than what is currently reflected in its stock price. This discrepancy between the company's actual performance and its stock price could be due to various factors, including market sentiment, macroeconomic factors, or specific concerns about the company. However, if the company's financials are indeed strong and the market eventually recognizes this, there could be a significant upward adjustment in the stock price. As such, adding to a position in DuPont could potentially be a profitable move. The high confidence level is due to the clear discrepancy between the company's reported earnings and the market's reaction, which suggests a high likelihood of a future price correction.",
We're adding to an industrial-focused stock that should be doing much better after earnings,We don't think the price action in DuPont reflects what we saw in the release and heard on the post-earnings conference call.,2025-08-05T15:05:43+00:00,Finance,"Industrial sector, S&P 500",medium,5,medium,"This situation is reminiscent of the time when 3M's stock price did not initially reflect its strong earnings report, but eventually caught up after a few weeks.","The article suggests that the stock price of DuPont, a major player in the industrial sector, is not accurately reflecting the company's recent positive earnings report. This discrepancy between the stock price and the earnings report could be due to a delayed market reaction or a lack of investor awareness. If the market corrects this oversight, it could lead to a significant increase in DuPont's stock price. This has happened in the past with other industrial sector stocks, such as 3M. It is also possible that other factors are suppressing the stock price, and the market has already taken the earnings report into account. However, the article seems confident in the potential for a price increase. This could have a bullish impact on the industrial sector and potentially the broader S&P 500 index, depending on DuPont's weight in the index.",
"Biggest part of the U.S. economy barely grows in July, ISM finds, due to tariff knock-on effects",ISM services index shows higher inflation and less employment,2025-08-05T14:25:00+00:00,Finance,"U.S. Economy, Services Sector",medium,-7,high,"Similar to the 2002 steel tariffs, the knock-on effects of the current tariffs are leading to slower economic growth and higher inflation.","The U.S. economy, which is largely driven by the services sector, has shown barely any growth in July according to the ISM services index. This is largely due to the knock-on effects of the ongoing tariffs. These tariffs are causing higher inflation and less employment, which is a bearish indicator for the economy. Higher inflation means that the cost of goods and services is increasing, which can lead to decreased consumer spending. The decrease in employment suggests that businesses are cutting back on their workforce, potentially due to the increased costs caused by the tariffs. This combination of factors is likely to lead to slower economic growth. This is a bearish indicator for the U.S. economy and the services sector, which is its biggest part.",
"Biggest part of the U.S. economy barely grows in July, ISM finds, due to tariff knock-on effects",ISM services index shows higher inflation and less employment,2025-08-05T14:25:00+00:00,Finance,"U.S. Economy, Services Sector",medium,-7,high,"Similar to the 2008 financial crisis, where a significant economic slowdown was observed due to external shocks.","The ISM services index report indicating barely any growth in the biggest part of the U.S. economy, i.e., the services sector, in July is a worrying sign. This stagnation is attributed to the knock-on effects of tariffs, which are essentially taxes on imported goods. Tariffs increase the cost of imports, leading to higher inflation. This in turn reduces consumer spending, a key driver of the services sector. Furthermore, the report indicates less employment, which could lead to lower consumer confidence and spending, further impacting the services sector. This combination of higher inflation and lower employment could potentially signal an economic slowdown. Therefore, this news is bearish for the U.S. economy and particularly for the services sector. The impact is rated high due to the significant role the services sector plays in the U.S. economy.",
"Biggest part of the U.S. economy barely grows in July, ISM finds, due to tariff knock-on effects",ISM services index shows higher inflation and less employment,2025-08-05T14:25:00+00:00,Finance,"U.S. Economy, Services Sector",medium,-7,high,"Similar patterns were observed during the U.S.-China trade war in 2018 and 2019, where tariffs led to slower growth in the services sector.","The news that the biggest part of the U.S. economy, the services sector, barely grew in July due to the knock-on effects of tariffs is a bearish signal for the economy. The ISM services index shows higher inflation and less employment, both of which are negative indicators for economic health. Higher inflation can erode purchasing power, leading to decreased consumer spending, which is a key driver of the economy. Additionally, less employment can lead to lower consumer confidence and spending, further slowing economic growth. The services sector forms a large part of the U.S. economy, and its slowed growth can have significant ripple effects across other sectors and the broader economy. The impact of tariffs, which increase the cost of imported goods and can lead to trade imbalances, is clearly being felt in this sector. This gives us high confidence in a negative impact on the U.S. economy and the services sector specifically.",
Trump threatens drugmakers with 250% tariffs. Here’s when higher levies could come.,The latest level of tariffs on the pharmaceutical industry is the highest yet from the president.,2025-08-05T15:54:00+00:00,Finance,"Pharmaceutical, Healthcare",medium,-7,high,"Similar to the 2018 trade war, where President Trump imposed tariffs on Chinese goods leading to a decline in the market.","The announcement of President Trump threatening drugmakers with 250% tariffs is a bearish signal for the pharmaceutical and healthcare sectors. These tariffs, if implemented, will significantly increase the cost of production for these companies, which would likely lead to a decrease in their profit margins. This potential decrease in profitability could lead to a decline in the share prices of companies within these sectors. Furthermore, the increased cost of drugs could lead to a decrease in demand, further impacting the revenues and profitability of these companies. This news could also lead to increased market volatility, as investors may be uncertain about the future profitability of these companies. The high level of tariffs is unprecedented, indicating a high level of seriousness from the Trump administration, hence the high confidence level in the impact assessment.",
Trump threatens drugmakers with 250% tariffs. Here’s when higher levies could come.,The latest level of tariffs on the pharmaceutical industry is the highest yet from the president.,2025-08-05T15:54:00+00:00,Finance,"Pharmaceuticals, Healthcare",medium,-7,high,"Similar to the 2018 trade war when Trump imposed tariffs on China, leading to a drop in the stock market.","The threat of imposing a 250% tariff on drugmakers by President Trump could have a significant negative impact on the pharmaceutical industry. Higher tariffs would increase the cost of production for pharmaceutical companies, which could lead to lower profit margins. This, in turn, could potentially lead to a decrease in stock prices for companies in this sector. Furthermore, if these companies decide to pass on the increased costs to consumers, it could lead to a decrease in demand for their products. This could further negatively impact their revenue and profitability. In addition, the uncertainty surrounding the implementation of these tariffs could lead to increased market volatility. This is similar to the situation in 2018 when Trump imposed tariffs on China, leading to a drop in the stock market. Therefore, the impact of this news is bearish with high confidence.",
Trump threatens drugmakers with 250% tariffs. Here’s when higher levies could come.,The latest level of tariffs on the pharmaceutical industry is the highest yet from the president.,2025-08-05T15:54:00+00:00,Finance,"Pharmaceutical, Healthcare",medium,-7,high,"Similar to when Trump imposed tariffs on steel and aluminium imports in 2018, leading to increased costs for manufacturers.","President Trump's threat to impose a 250% tariff on drugmakers is likely to have a significantly negative impact on the pharmaceutical and healthcare markets. The proposed level of tariffs is the highest yet from the president, indicating a serious intent to follow through. This could result in increased costs for drug manufacturers, which could then be passed on to consumers in the form of higher prices for medications. Additionally, companies in these sectors may see a decrease in their profitability due to the increased costs, which could negatively impact their stock prices. This development could also lead to uncertainty in the market, as companies and investors try to assess the potential impact of the tariffs. Therefore, this news is highly bearish for the pharmaceutical and healthcare markets.",
Ex-Google exec: The idea that AI will create new jobs is '100% crap'—even CEOs are at risk of displacement,"Ex-Google exec and AI expert Mo Gawdat says no job is safe from the AI revolution, including CEOs and others in the C-Suite.",2025-08-05T15:25:03+00:00,Finance,"Tech, AI, Labor",medium,-7,high,"Historically, technological advancements have led to job displacement in certain sectors, as seen with the industrial revolution.","The statement by ex-Google executive Mo Gawdat that AI will not create new jobs and could displace even top-tier jobs such as CEOs is a bearish indicator for the job market. This could lead to increased unemployment and social unrest, which can negatively impact consumer spending and overall economic growth. In the short term, companies in the tech sector might benefit from reduced labor costs due to AI implementation. However, in the long term, the negative effects of job displacement could outweigh the benefits, leading to a potential economic downturn. Additionally, if CEOs and other top-tier positions are at risk, this could lead to a reshuffling of leadership in many companies, potentially causing instability. Therefore, this news is seen as having a high level of confidence due to Gawdat's expertise and a negative impact on the tech, AI, and labor markets.",
Ex-Google exec: The idea that AI will create new jobs is '100% crap'—even CEOs are at risk of displacement,"Ex-Google exec and AI expert Mo Gawdat says no job is safe from the AI revolution, including CEOs and others in the C-Suite.",2025-08-05T15:25:03+00:00,Finance,"S&P 500, Tech, AI, Job Market",medium,-8,high,"Similar to the industrial revolution, where mechanization displaced many jobs but also created new ones.","The statement by Mo Gawdat, an AI expert and Ex-Google executive, that AI will not create new jobs and that even CEOs are at risk of displacement, is a significant concern for the job market. This implies that the AI revolution may lead to widespread job losses across various sectors, including the top management levels. While technology advancements have historically been associated with job displacement, they have also been coupled with the creation of new job categories. However, Gawdat's assertion challenges this notion, suggesting a net loss in jobs due to AI. This could lead to increased unemployment rates and social insecurity, which would negatively impact consumer spending and overall economic activity. Furthermore, if CEOs and other C-suite executives are at risk, this could lead to significant restructuring in company hierarchies and decision-making processes. This news is highly bearish for the job market and could potentially impact the broader market due to the ripple effects of increased unemployment.",
Ex-Google exec: The idea that AI will create new jobs is '100% crap'—even CEOs are at risk of displacement,"Ex-Google exec and AI expert Mo Gawdat says no job is safe from the AI revolution, including CEOs and others in the C-Suite.",2025-08-05T15:25:03+00:00,Finance,"Tech, AI, Job market",medium,-7,high,"Similar to the industrial revolution where machines replaced manual labor, leading to job displacement.","The statement by Ex-Google executive and AI expert Mo Gawdat indicates a potential negative impact on the job market. According to him, no job, including those of CEOs, is safe from the AI revolution. This suggests a broad-based displacement risk across the entire job market, which could lead to increased unemployment rates and social unrest. It could also result in a restructuring of the economy, with a shift towards more specialized roles that require human intuition and creativity. However, this transition could be painful and cause economic turbulence in the short to medium term. The tech sector, which is at the forefront of AI development, could also face backlash and increased regulation. Therefore, this news is bearish for the tech sector and the overall job market.",
NASA reportedly wants to put a nuclear reactor on the moon. This company’s stock is soaring.,"Shares of BWX Technologies hit a record high, as investors believe the nuclear-power company could be involved in NASA’s lunar plans.",2025-08-05T16:59:00+00:00,Finance,"Nuclear Energy, Aerospace, S&P 500",medium,8,high,"Similar to when SpaceX was awarded a NASA contract for lunar missions, leading to a surge in the company's stock value.","The news of NASA's intention to put a nuclear reactor on the moon has led to a significant increase in the stock value of BWX Technologies, a company known for its expertise in nuclear power. This surge is likely due to investor speculation that the company could play a crucial role in NASA's lunar plans. If BWX Technologies is indeed involved in the project, it could mean a substantial increase in revenue and profitability for the company, thus justifying the stock's recent surge. Additionally, the company's potential involvement in such a high-profile project could increase its visibility and reputation in the market, possibly attracting more investors and further driving up the stock's value. However, it's important to note that this is all based on speculation at this point. Until there's official confirmation of BWX Technologies' involvement in the project, there's a risk that the stock could quickly lose its recent gains.",
NASA reportedly wants to put a nuclear reactor on the moon. This company’s stock is soaring.,"Shares of BWX Technologies hit a record high, as investors believe the nuclear-power company could be involved in NASA’s lunar plans.",2025-08-05T16:59:00+00:00,Finance,"Nuclear Energy, Aerospace, S&P 500",medium,8,high,"Similar to when SpaceX was contracted by NASA for the Mars mission, leading to a significant increase in its stock value.","The news of NASA's plans to put a nuclear reactor on the moon is having a significant bullish impact on the shares of BWX Technologies. The company hit a record high due to the speculation that it could be involved in NASA's lunar plans. BWX Technologies is a key player in the nuclear power industry, and its potential involvement in such a high-profile project suggests a strong future growth trajectory. This situation is reminiscent of when SpaceX's stock soared after being contracted by NASA for the Mars mission. If BWX Technologies is indeed chosen to aid in this project, it would likely result in substantial revenue and a further increase in the company's stock value. This development could also have a positive ripple effect on the broader Nuclear Energy and Aerospace sectors, potentially boosting the S&P 500 as well.",
NASA reportedly wants to put a nuclear reactor on the moon. This company’s stock is soaring.,"Shares of BWX Technologies hit a record high, as investors believe the nuclear-power company could be involved in NASA’s lunar plans.",2025-08-05T16:59:00+00:00,Finance,"Aerospace, Nuclear Energy, Technology",medium,8,high,"Similar to when SpaceX was contracted for NASA's commercial crew program, leading to a significant increase in the company's stock value.","The news that NASA reportedly wants to put a nuclear reactor on the moon and the subsequent surge in BWX Technologies' stock price is significantly bullish. BWX Technologies is a nuclear-power company, and the speculation that it could be involved in NASA's lunar plans has led to a record high in its stock price. This bullish trend is expected to continue, given the potential for substantial contracts from NASA. BWX Technologies' involvement in such a high-profile project would not only boost its financial standing but also its reputation in the aerospace and nuclear energy sectors. The potential for a lucrative contract with NASA, coupled with the recent surge in interest in space exploration and technology, makes this a high-confidence prediction. However, as with any investment, there are risks involved, particularly given the highly technical and complex nature of the project.",
This ‘genius’ hack has cleared my email inbox completely,How I found inner peace by hitting “delete.”,2025-08-05T16:43:00+00:00,Finance,NA,medium,0,low,NA,"This article seems to be a personal narrative or advice on managing emails rather than a piece of financial news. It does not discuss any specific companies, sectors, or financial markets, nor does it provide any information that could be used to make financial predictions or decisions. As such, it has no direct impact on any financial markets and there is no historical pattern to compare it to. The confidence level is low because the article is not relevant to financial markets. Therefore, it is not possible to provide a meaningful financial analysis based on this article.",
This ‘genius’ hack has cleared my email inbox completely,How I found inner peace by hitting “delete.”,2025-08-05T16:43:00+00:00,Finance,None,medium,0,low,None,"The article is about a personal method of managing email inbox, not about financial or economic events. The author's 'genius' hack is simply deleting emails, which does not have any direct or indirect implications for financial markets or economic conditions. Therefore, there is no impact on any market or sector, and no similar historical events or patterns can be identified. The confidence in this analysis is high, given the clear lack of relevance to financial or economic matters. The title and description of the article do not contain any information that would indicate otherwise. It is important to note that while productivity hacks can have an impact on an individual's work performance, such personal methods do not typically have a measurable or significant effect on broader economic or financial trends.",
This ‘genius’ hack has cleared my email inbox completely,How I found inner peace by hitting “delete.”,2025-08-05T16:43:00+00:00,Finance,None,medium,0,high,No similar historical events,"The article in question doesn't appear to have any direct impact on financial markets or sectors. It talks about a personal productivity hack of clearing email inbox by hitting 'delete'. While this might be useful information for individual productivity, it doesn't have any direct implications on the financial markets or economic indicators. The story doesn't mention any particular company, industry, or market. Therefore, it is safe to conclude that this news will not cause any bullish or bearish movement in the market. The confidence level in this analysis is high given the personal, non-financial nature of the news article. There are no similar historical events to compare as this is a personal anecdote rather than a market-moving event.",
Official jobs numbers show it's a bad time to be looking for work—unless you're in this field,The few jobs the U.S. economy is creating are concentrated in this sector.,2025-08-05T16:39:39+00:00,Finance,"Job Market, All Sectors",medium,-7,high,"Similar to the 2008 financial crisis, when the U.S. economy saw a significant decrease in job opportunities across various sectors.","The title and description suggest that the overall job market in the U.S. is currently weak, which is generally a bearish sign for the economy as a whole. When job creation is low, consumer spending tends to decrease, which can negatively affect a wide range of sectors and markets. The fact that the few jobs being created are concentrated in a specific sector could suggest that this sector is currently more robust or is experiencing growth, which could be a bullish sign for that specific sector. However, without more information on which sector this is, it's difficult to make a definitive judgement. Overall, this news suggests a bearish outlook for the U.S. economy, which could negatively impact a range of markets and sectors.",
Official jobs numbers show it's a bad time to be looking for work—unless you're in this field,The few jobs the U.S. economy is creating are concentrated in this sector.,2025-08-05T16:39:39+00:00,Finance,"Job Market, All sectors excluding the specified sector",medium,-6,high,This situation is reminiscent of the 2008 economic crisis where job creation was mainly concentrated in the healthcare sector.,"The news indicates that the current job market in the U.S. is not very favorable for job seekers, except for those looking for opportunities in a specific sector. This could suggest that the economy is not generating jobs across all sectors, which could be a sign of economic slowdown or instability. It is a bearish signal as it points towards a potential increase in unemployment rates, which can negatively impact consumer spending and overall economic growth. However, the sector where jobs are being created could potentially see a bullish trend. The impact on that particular sector might be positive, but overall, the economy could face challenges. The level of confidence in this analysis is high, given that official job numbers are usually reliable indicators of economic health.",
Official jobs numbers show it's a bad time to be looking for work—unless you're in this field,The few jobs the U.S. economy is creating are concentrated in this sector.,2025-08-05T16:39:39+00:00,Finance,"Job Market, All Sectors",medium,-7,high,"Similar to the 2008 financial crisis, the jobs numbers are declining, indicating a struggling economy.","The title and description of the article suggest that the U.S. economy is not generating enough jobs, which is a bearish indicator for the economy. When job creation is low, it means that businesses are not expanding, which can lead to lower consumer spending and a decrease in overall economic activity. This can have a negative impact on all sectors of the market. However, the article also suggests that there is one sector where job creation is still strong. This could be a bullish sign for that specific sector, but without knowing which sector it is, it's difficult to determine the overall impact. Given the current economic climate and the high confidence level, it's likely that this news will have a negative impact on the job market and all sectors of the economy.",
Geopolitics:Russia reportedly weighing Ukraine air truce offer,"<p>Bloomberg is reporting that: Russia is reportedly weighing Ukraine air–truce offer to Trump on war.</p><p>Pres. Trump is putting pressure on nations that import oil from Russia as a way to squeeze their economy even further. Trump this morning on CNBC said that lower oil prices is a path to peace as Russia cannot sustain the economic impact.</p><p>Yesterday, Trump said that he is likely to raise tariff rates on India imports into the US as a result of their importing of Russian oil.</p><p>Let there be peace.</p><p>Meanwhile, in Israel, Channel 12 is reporting that Netanyahu plans to occupy Gaza in its entirety and the plan will be presented on Thursday to the Council of Ministers for approval. Of course such plan would require more bloodshed and humanitarian issues.</p><p>Crude oil is trading near the low for the day at $65.02. The current price is at $65.17. That is down $-1.10 on the day. The price is testing a swing area between $64.71 and $65.27. </p><p>Visit <a class=""article-link article-link article-link article-link"" href=""https://www.investinglive.com/"" rel=""noopener noreferrer"" target=""_self"">investingLive.com</a> (formerly ForexLive.com) for additional views.</p>
                            This article was written by Greg Michalowski at investinglive.com.",2025-08-05T16:39:02+00:00,Finance,"Oil, Energy, US Imports, Russian Exports",medium,-4,high,"Similar to past geopolitical tensions involving oil producing nations, such as the 1973 oil crisis","This news indicates that geopolitical tensions between Russia and Ukraine, as well as the US and India, are impacting the global oil market. Russia's consideration of an air truce offer from Ukraine, combined with President Trump's pressure on countries importing Russian oil, could lead to a decrease in Russian oil exports. This would negatively impact Russia's economy, which is heavily reliant on oil exports. Additionally, Trump's threat to increase tariffs on Indian imports due to their importation of Russian oil could strain US-India relations and disrupt trade. The potential for Israel to occupy Gaza could also increase geopolitical instability in the Middle East, a major oil-producing region. This could further impact oil prices, which are already trading near the low for the day. The cumulative effect of these geopolitical tensions is likely to be bearish for the oil and energy markets, as well as any sectors reliant on Russian exports or US imports from India.",
High tariffs drive China imports down to a 16-year low. But U.S. trade deficits are still as big as ever.,High tariffs on China-made products drove U.S. imports from the world’s second-largest economy to a 16-year low in June — yet the dramatic shift hasn’t put a big dent in America’s overall trade deficit.,2025-08-05T18:38:00+00:00,Finance,"Import/Export, Manufacturing, Retail",medium,-5,high,"Similar to the 2008 financial crisis, high tariffs led to a decrease in imports.","The high tariffs imposed on China-made products have significantly impacted U.S. imports from the world's second-largest economy, driving it to a 16-year low in June. This suggests a weakened demand for Chinese goods, which could negatively affect sectors such as manufacturing and retail. Despite this dramatic shift, there has been no substantial reduction in America's overall trade deficit. This implies that the U.S. is still heavily reliant on imported goods, which could be from other countries. This could potentially lead to a shift in trade dynamics, with other countries filling the gap left by China. However, the continued large trade deficit indicates that the U.S. economy is still consuming more than it is producing, which is not a positive sign for long-term economic health. Therefore, this news is bearish with a high confidence level.",
High tariffs drive China imports down to a 16-year low. But U.S. trade deficits are still as big as ever.,High tariffs on China-made products drove U.S. imports from the world’s second-largest economy to a 16-year low in June — yet the dramatic shift hasn’t put a big dent in America’s overall trade deficit.,2025-08-05T18:38:00+00:00,Finance,"Import/Export, Manufacturing, Retail",medium,-5,high,"Similar to the 2008 financial crisis, when a decrease in imports from China was observed due to a global economic slowdown.","The high tariffs on China-made products have resulted in a decrease in U.S. imports from China, hitting a 16-year low in June. This is a significant development as China is the world's second-largest economy and a major player in global trade. However, this decrease in imports has not made a significant impact on America's overall trade deficit. This could be attributed to the fact that while imports from China have decreased, imports from other countries may have increased, keeping the overall trade deficit high. This situation is bearish for sectors such as manufacturing and retail, which rely heavily on imports for their operations. Furthermore, this could also negatively impact the import/export market. However, it's worth noting that the situation is fluid and dependent on future trade policy decisions, which could either exacerbate or alleviate the current situation.",
High tariffs drive China imports down to a 16-year low. But U.S. trade deficits are still as big as ever.,High tariffs on China-made products drove U.S. imports from the world’s second-largest economy to a 16-year low in June — yet the dramatic shift hasn’t put a big dent in America’s overall trade deficit.,2025-08-05T18:38:00+00:00,Finance,"U.S. Import, Manufacturing, Retail",medium,-5,high,"Similar to the 2008 economic crisis, where high tariffs led to a decrease in imports and increased trade deficits.","The high tariffs on China-made products have led to a significant decrease in U.S. imports from China, causing them to reach a 16-year low in June. However, this dramatic shift has not significantly reduced America's overall trade deficit, which remains as large as ever. This situation is bearish for the U.S. economy as it indicates a lack of effectiveness of the tariff policy in balancing the trade deficit. Furthermore, it could potentially lead to a shortage of goods in the market, driving up prices and causing inflation. Also, this could negatively impact the manufacturing and retail sectors as they heavily rely on imports for raw materials and finished goods. The high confidence in this analysis is due to the clear cause-and-effect relationship between high tariffs and decreased imports, as well as the historical precedent of similar situations leading to negative economic outcomes.",
Corona’s parent is looking for more beer drinkers. Why Budweiser could be the buzzkill.,ICE raids have hurt beer demand for Corona’s parent company. Its search for sales elsewhere could hit these obstacles.,2025-08-05T18:30:00+00:00,Finance,"Beverage, Consumer Goods",medium,-5,medium,"Historically, immigration raids have disrupted various sectors of the economy, causing a decrease in consumer demand.","The parent company of Corona is experiencing a decrease in beer demand due to immigration raids by ICE. These raids have likely led to a decrease in the consumer base, as well as instilling fear and uncertainty in the remaining consumers. The company is looking to boost sales elsewhere to compensate for this loss. However, the presence of strong competitors like Budweiser in the market could pose a significant challenge. Budweiser's strong brand recognition and loyal customer base could make it difficult for Corona to gain a significant market share. Additionally, if Budweiser decides to aggressively market or lower prices, it could further hinder Corona's growth. Thus, this news is bearish for the parent company of Corona, as it indicates potential obstacles in their path to recovery.",
Corona’s parent is looking for more beer drinkers. Why Budweiser could be the buzzkill.,ICE raids have hurt beer demand for Corona’s parent company. Its search for sales elsewhere could hit these obstacles.,2025-08-05T18:30:00+00:00,Finance,"Alcoholic Beverage Industry, Consumer Goods",medium,-6,medium,"Similar events have been observed in the past when ICE raids affected agricultural industries, leading to a decrease in supply and subsequently, a decrease in sales.","The news suggests a negative outlook for Corona's parent company due to a decrease in beer demand which has been impacted by ICE raids. The company's search for sales elsewhere could run into obstacles, creating further challenges. The potential buzzkill, Budweiser, could further exacerbate the situation. If Budweiser manages to capitalize on Corona's current struggles, it could lead to a significant shift in market share within the beer industry. This could potentially lead to a decrease in Corona's stock value and overall profitability. Additionally, the decrease in beer demand could have a broader impact on the alcoholic beverage industry, particularly if other brands face similar issues. The confidence level is medium due to the unpredictability of consumer behavior and market dynamics. Overall, this news could signify a bearish trend for Corona's parent company and the beer industry at large.",
Corona’s parent is looking for more beer drinkers. Why Budweiser could be the buzzkill.,ICE raids have hurt beer demand for Corona’s parent company. Its search for sales elsewhere could hit these obstacles.,2025-08-05T18:30:00+00:00,Finance,"Beverage, Consumer Goods",medium,-6,high,"Similar to how Prohibition negatively impacted alcohol sales in the 1920s, recent immigration enforcement has led to decreases in demand for certain products.","The recent ICE raids have negatively impacted beer demand for Corona's parent company. This is due to the fact that a significant portion of their consumer base is likely to be affected by these raids. As a result, the company is now searching for sales elsewhere. However, this strategy could encounter several obstacles. One of these could be Budweiser, a major competitor in the beer market. Budweiser's strong brand and wide consumer base could potentially hinder Corona's efforts to expand its market share. Furthermore, the company's reputation might have been damaged by the association with the ICE raids, which could make it harder to attract new customers. Overall, this news is bearish for Corona's parent company and could potentially impact the entire beverage and consumer goods market.",
